consulta,plano,tentativa,tempo
inter_01,baseline,1,0.13639450003392994
inter_01,baseline,2,0.018354700005147606
inter_01,baseline,3,0.027913200028706342
inter_01,baseline,4,0.02113790001021698
inter_01,baseline,5,0.02225049998378381
inter_01,baseline,6,0.024807200010400265
inter_01,baseline,7,0.02694279997376725
inter_01,baseline,8,0.022365899989381433
inter_01,baseline,9,0.02943200001027435
inter_01,baseline,10,0.0220227999961935
inter_01,baseline,11,0.02693829999770969
inter_01,baseline,12,0.02501219999976456
inter_01,baseline,13,0.025930000003427267
inter_01,baseline,14,0.022882700024638325
inter_01,baseline,15,0.021442299999762326
inter_01,baseline,16,0.026025600032880902
inter_01,baseline,17,0.024247499997727573
inter_01,baseline,18,0.033081799978390336
inter_01,baseline,19,0.021961099992040545
inter_01,baseline,20,0.021396700001787394
inter_02,baseline,1,0.10304489999543875
inter_02,baseline,2,0.056286799954250455
inter_02,baseline,3,0.08021099999314174
inter_02,baseline,4,0.050194499955978245
inter_02,baseline,5,0.04766219999874011
inter_02,baseline,6,0.07836310000857338
inter_02,baseline,7,0.07041560002835467
inter_02,baseline,8,0.0931356999790296
inter_02,baseline,9,0.11831059999531135
inter_02,baseline,10,0.04457530000945553
inter_02,baseline,11,0.18453229998704046
inter_02,baseline,12,0.047222500026691705
inter_02,baseline,13,0.0513607999891974
inter_02,baseline,14,0.05078320001484826
inter_02,baseline,15,0.05228170001646504
inter_02,baseline,16,0.056160799984354526
inter_02,baseline,17,0.0449265000061132
inter_02,baseline,18,0.05395099997986108
inter_02,baseline,19,0.05334320000838488
inter_02,baseline,20,0.049689100007526577
inter_03,baseline,1,0.018659599998500198
inter_03,baseline,2,0.020005099999252707
inter_03,baseline,3,0.017062500002793968
inter_03,baseline,4,0.016801999998278916
inter_03,baseline,5,0.017211300029885024
inter_03,baseline,6,0.016498600016348064
inter_03,baseline,7,0.019071899994742125
inter_03,baseline,8,0.01575110002886504
inter_03,baseline,9,0.020085600030142814
inter_03,baseline,10,0.017190299986395985
inter_03,baseline,11,0.017349799978546798
inter_03,baseline,12,0.017566199996508658
inter_03,baseline,13,0.02199589996598661
inter_03,baseline,14,0.016707499977201223
inter_03,baseline,15,0.019812699989415705
inter_03,baseline,16,0.016734899953007698
inter_03,baseline,17,0.020753299992065877
inter_03,baseline,18,0.018695299979299307
inter_03,baseline,19,0.018735499994363636
inter_03,baseline,20,0.017351899994537234
inter_04,baseline,1,0.0412775999866426
inter_04,baseline,2,0.03617350000422448
inter_04,baseline,3,0.03484150004805997
inter_04,baseline,4,0.03404579998459667
inter_04,baseline,5,0.032991800049785525
inter_04,baseline,6,0.03270619997056201
inter_04,baseline,7,0.030733799969311804
inter_04,baseline,8,0.03794999996898696
inter_04,baseline,9,0.033573799999430776
inter_04,baseline,10,0.03660910000326112
inter_04,baseline,11,0.0346498999861069
inter_04,baseline,12,0.03373359999386594
inter_04,baseline,13,0.04045690002385527
inter_04,baseline,14,0.02931780001381412
inter_04,baseline,15,0.041325700003653765
inter_04,baseline,16,0.03563240001676604
inter_04,baseline,17,0.03492149995872751
inter_04,baseline,18,0.03300160000799224
inter_04,baseline,19,0.03336180001497269
inter_04,baseline,20,0.033169500005897135
inter_05,baseline,1,0.050686499977018684
inter_05,baseline,2,0.049810800002887845
inter_05,baseline,3,0.057340500003192574
inter_05,baseline,4,0.05059389997040853
inter_05,baseline,5,0.05173300002934411
inter_05,baseline,6,0.053249599994160235
inter_05,baseline,7,0.04916880000382662
inter_05,baseline,8,0.052645299991127104
inter_05,baseline,9,0.057830399950034916
inter_05,baseline,10,0.05161940003745258
inter_05,baseline,11,0.054199400008656085
inter_05,baseline,12,0.04862019995925948
inter_05,baseline,13,0.05323099996894598
inter_05,baseline,14,0.05753370001912117
inter_05,baseline,15,0.05222670000512153
inter_05,baseline,16,0.05280319997109473
inter_05,baseline,17,0.050760600017383695
inter_05,baseline,18,0.051982800010591745
inter_05,baseline,19,0.057109500048682094
inter_05,baseline,20,0.05244910001056269
inter_06,baseline,1,0.08882230002200231
inter_06,baseline,2,0.06952740001725033
inter_06,baseline,3,0.07169309997698292
inter_06,baseline,4,0.06861119996756315
inter_06,baseline,5,0.0734082999988459
inter_06,baseline,6,0.06947149999905378
inter_06,baseline,7,0.07423259998904541
inter_06,baseline,8,0.06777839997084811
inter_06,baseline,9,0.07228369999211282
inter_06,baseline,10,0.06858700001612306
inter_06,baseline,11,0.07192610000493005
inter_06,baseline,12,0.0702620999654755
inter_06,baseline,13,0.0707603000337258
inter_06,baseline,14,0.07024609996005893
inter_06,baseline,15,0.07042689999798313
inter_06,baseline,16,0.06672770000295714
inter_06,baseline,17,0.07134220004081726
inter_06,baseline,18,0.06326850003097206
inter_06,baseline,19,0.07009090000065044
inter_06,baseline,20,0.07245740003418177
inter_07,baseline,1,0.09125859994674101
inter_07,baseline,2,0.017394999973475933
inter_07,baseline,3,0.02433849999215454
inter_07,baseline,4,0.01840729999821633
inter_07,baseline,5,0.024816499964799732
inter_07,baseline,6,0.0181202000239864
inter_07,baseline,7,0.023356799967586994
inter_07,baseline,8,0.01809199998388067
inter_07,baseline,9,0.02081519999774173
inter_07,baseline,10,0.01845189998857677
inter_07,baseline,11,0.022487299982458353
inter_07,baseline,12,0.017353200004436076
inter_07,baseline,13,0.024309500004164875
inter_07,baseline,14,0.01896019995911047
inter_07,baseline,15,0.020228100009262562
inter_07,baseline,16,0.01842090004356578
inter_07,baseline,17,0.023603899986483157
inter_07,baseline,18,0.017353300005197525
inter_07,baseline,19,0.02065200003562495
inter_07,baseline,20,0.018797400000039488
inter_08,baseline,1,0.024200099986046553
inter_08,baseline,2,0.017944799968972802
inter_08,baseline,3,0.020497299963608384
inter_08,baseline,4,0.018603599979542196
inter_08,baseline,5,0.02392319997306913
inter_08,baseline,6,0.017443899996578693
inter_08,baseline,7,0.022145900002215058
inter_08,baseline,8,0.01959859998896718
inter_08,baseline,9,0.022429400007240474
inter_08,baseline,10,0.01747389999218285
inter_08,baseline,11,0.02065360004780814
inter_08,baseline,12,0.018347500008530915
inter_08,baseline,13,0.023825299984309822
inter_08,baseline,14,0.017317900026682764
inter_08,baseline,15,0.017408300016541034
inter_08,baseline,16,0.019113500020466745
inter_08,baseline,17,0.017922100028954446
inter_08,baseline,18,0.01716859999578446
inter_08,baseline,19,0.017307599948253483
inter_08,baseline,20,0.01882950001163408
inter_09,baseline,1,0.019319600018206984
inter_09,baseline,2,0.018032899999525398
inter_09,baseline,3,0.02432779996888712
inter_09,baseline,4,0.02146560000255704
inter_09,baseline,5,0.01940029999241233
inter_09,baseline,6,0.019852900004480034
inter_09,baseline,7,0.018089400022290647
inter_09,baseline,8,0.021912599971983582
inter_09,baseline,9,0.01795669994316995
inter_09,baseline,10,0.028711399994790554
inter_09,baseline,11,0.018129999982193112
inter_09,baseline,12,0.023372699972242117
inter_09,baseline,13,0.018516700016334653
inter_09,baseline,14,0.02478559996234253
inter_09,baseline,15,0.018754599965177476
inter_09,baseline,16,0.018212099967058748
inter_09,baseline,17,0.020101800037082285
inter_09,baseline,18,0.01811870001256466
inter_09,baseline,19,0.01862530002836138
inter_09,baseline,20,0.019248299999162555
inter_10,baseline,1,0.013094800000544637
inter_10,baseline,2,0.016692799981683493
inter_10,baseline,3,0.013961400021798909
inter_10,baseline,4,0.01597319997381419
inter_10,baseline,5,0.014314199972432107
inter_10,baseline,6,0.015075100003741682
inter_10,baseline,7,0.01635980000719428
inter_10,baseline,8,0.014021800016053021
inter_10,baseline,9,0.014342800015583634
inter_10,baseline,10,0.014345300034619868
inter_10,baseline,11,0.013918299984652549
inter_10,baseline,12,0.015486200049053878
inter_10,baseline,13,0.013954700028989464
inter_10,baseline,14,0.014848000020720065
inter_10,baseline,15,0.01662509999005124
inter_10,baseline,16,0.015261500026099384
inter_10,baseline,17,0.01717459998326376
inter_10,baseline,18,0.014089300006162375
inter_10,baseline,19,0.01382039999589324
inter_10,baseline,20,0.013865600049030036
avanc_01,baseline,1,0.04356969997752458
avanc_01,baseline,2,0.04073559999233112
avanc_01,baseline,3,0.04320909996749833
avanc_01,baseline,4,0.04478409996954724
avanc_01,baseline,5,0.04360820003785193
avanc_01,baseline,6,0.045010200003162026
avanc_01,baseline,7,0.04481719998875633
avanc_01,baseline,8,0.04363639996154234
avanc_01,baseline,9,0.04464330000337213
avanc_01,baseline,10,0.04494779999367893
avanc_01,baseline,11,0.04263709997758269
avanc_01,baseline,12,0.04703240003436804
avanc_01,baseline,13,0.03874099999666214
avanc_01,baseline,14,0.05023059999803081
avanc_01,baseline,15,0.05604160000802949
avanc_01,baseline,16,0.03783230000408366
avanc_01,baseline,17,0.04910429997835308
avanc_01,baseline,18,0.039131500001531094
avanc_01,baseline,19,0.04398610000498593
avanc_01,baseline,20,0.04072779999114573
avanc_02,baseline,1,2.6384435999789275
avanc_02,baseline,2,2.3440651000128128
avanc_02,baseline,3,2.417135199997574
avanc_02,baseline,4,2.363924599951133
avanc_02,baseline,5,2.367864199972246
avanc_02,baseline,6,2.39119799999753
avanc_02,baseline,7,2.352726500015706
avanc_02,baseline,8,2.997083099966403
avanc_02,baseline,9,2.5497819000156596
avanc_02,baseline,10,2.6620024000294507
avanc_02,baseline,11,2.8611155000398867
avanc_02,baseline,12,2.4911209999700077
avanc_02,baseline,13,2.368543199962005
avanc_02,baseline,14,2.412825600011274
avanc_02,baseline,15,2.3750974999857135
avanc_02,baseline,16,2.364479800045956
avanc_02,baseline,17,2.370613000006415
avanc_02,baseline,18,2.37374519999139
avanc_02,baseline,19,2.371365800034255
avanc_02,baseline,20,2.368017300032079
avanc_03,baseline,1,0.13149579998571426
avanc_03,baseline,2,0.14445929997600615
avanc_03,baseline,3,0.1196934999898076
avanc_03,baseline,4,0.12344420002773404
avanc_03,baseline,5,0.12098639999749139
avanc_03,baseline,6,0.12317490001441911
avanc_03,baseline,7,0.12241290003294125
avanc_03,baseline,8,0.12142899999162182
avanc_03,baseline,9,0.1209666000213474
avanc_03,baseline,10,0.12261179997585714
avanc_03,baseline,11,0.12260419997619465
avanc_03,baseline,12,0.12000059999991208
avanc_03,baseline,13,0.12279920000582933
avanc_03,baseline,14,0.11992409999947995
avanc_03,baseline,15,0.12439420004375279
avanc_03,baseline,16,0.12578179995762184
avanc_03,baseline,17,0.11974969995208085
avanc_03,baseline,18,0.12089459999697283
avanc_03,baseline,19,0.12582869996549562
avanc_03,baseline,20,0.12100460001965985
avanc_04,baseline,1,0.06707220000680536
avanc_04,baseline,2,0.06530329998349771
avanc_04,baseline,3,0.06629250000696629
avanc_04,baseline,4,0.06810759997460991
avanc_04,baseline,5,0.06406760000390932
avanc_04,baseline,6,0.07089289999566972
avanc_04,baseline,7,0.06553210003767163
avanc_04,baseline,8,0.06353520002448931
avanc_04,baseline,9,0.06746170000405982
avanc_04,baseline,10,0.06648249999852851
avanc_04,baseline,11,0.06221720000030473
avanc_04,baseline,12,0.06588400003965944
avanc_04,baseline,13,0.06623150000814348
avanc_04,baseline,14,0.06234279996715486
avanc_04,baseline,15,0.06552619999274611
avanc_04,baseline,16,0.0635799000156112
avanc_04,baseline,17,0.06545970001025125
avanc_04,baseline,18,0.0652803999837488
avanc_04,baseline,19,0.0673973000375554
avanc_04,baseline,20,0.06648729997687042
avanc_05,baseline,1,1.4971127000171691
avanc_05,baseline,2,1.440758700016886
avanc_05,baseline,3,1.451860300032422
avanc_05,baseline,4,1.4314306000014767
avanc_05,baseline,5,1.452633600041736
avanc_05,baseline,6,1.4421400999999605
avanc_05,baseline,7,1.4334478999953717
avanc_05,baseline,8,1.4268969000549987
avanc_05,baseline,9,1.628705599985551
avanc_05,baseline,10,1.4764799000113271
avanc_05,baseline,11,1.431544799997937
avanc_05,baseline,12,1.4265863000182435
avanc_05,baseline,13,1.4251822999794967
avanc_05,baseline,14,1.475005800020881
avanc_05,baseline,15,1.4317740999977104
avanc_05,baseline,16,1.4401903999969363
avanc_05,baseline,17,1.4967908000107855
avanc_05,baseline,18,1.4379385000211187
avanc_05,baseline,19,1.4254489000304602
avanc_05,baseline,20,1.4300171000068076
avanc_06,baseline,1,0.1365487999864854
avanc_06,baseline,2,0.1383851999999024
avanc_06,baseline,3,0.13921839999966323
avanc_06,baseline,4,0.13902839994989336
avanc_06,baseline,5,0.14446840004529804
avanc_06,baseline,6,0.14064909995067865
avanc_06,baseline,7,0.13748199999099597
avanc_06,baseline,8,0.13583559996914119
avanc_06,baseline,9,0.13903810002375394
avanc_06,baseline,10,0.14195570000447333
avanc_06,baseline,11,0.13842440000735223
avanc_06,baseline,12,0.13954420003574342
avanc_06,baseline,13,0.13460190000478178
avanc_06,baseline,14,0.39167949999682605
avanc_06,baseline,15,0.1398001000052318
avanc_06,baseline,16,0.13783710001735017
avanc_06,baseline,17,0.1419783000019379
avanc_06,baseline,18,0.13985500001581386
avanc_06,baseline,19,0.1365226000198163
avanc_06,baseline,20,0.14400869997916743
avanc_07,baseline,1,0.9343289000098594
avanc_07,baseline,2,0.9381057000136934
avanc_07,baseline,3,0.9320470999809913
avanc_07,baseline,4,0.9384115000138991
avanc_07,baseline,5,0.9350849000038579
avanc_07,baseline,6,0.9370871999999508
avanc_07,baseline,7,0.9322929999907501
avanc_07,baseline,8,0.9436090000090189
avanc_07,baseline,9,1.0823956999811344
avanc_07,baseline,10,1.2209768999600783
avanc_07,baseline,11,1.0726679000072181
avanc_07,baseline,12,1.064328700012993
avanc_07,baseline,13,1.0530018000281416
avanc_07,baseline,14,1.018941199989058
avanc_07,baseline,15,1.0405440999893472
avanc_07,baseline,16,1.0062316000112332
avanc_07,baseline,17,1.0081391000421718
avanc_07,baseline,18,1.0180561000015587
avanc_07,baseline,19,1.0801271999953315
avanc_07,baseline,20,1.1182169999810867
avanc_08,baseline,1,0.2039504999993369
avanc_08,baseline,2,0.26438369997777045
avanc_08,baseline,3,0.21408050000900403
avanc_08,baseline,4,0.25321379996603355
avanc_08,baseline,5,0.19887239998206496
avanc_08,baseline,6,0.26852969999890774
avanc_08,baseline,7,0.21824660000856966
avanc_08,baseline,8,0.22797379997791722
avanc_08,baseline,9,0.23572229995625094
avanc_08,baseline,10,0.2141266000107862
avanc_08,baseline,11,0.26360880001448095
avanc_08,baseline,12,0.2099525000085123
avanc_08,baseline,13,0.26107139996020123
avanc_08,baseline,14,0.19995219999691471
avanc_08,baseline,15,0.2506731000030413
avanc_08,baseline,16,0.21349809999810532
avanc_08,baseline,17,0.2864558000001125
avanc_08,baseline,18,0.25580629997421056
avanc_08,baseline,19,0.201581500004977
avanc_08,baseline,20,0.2580084999790415
avanc_09,baseline,1,0.03565159998834133
avanc_09,baseline,2,0.03146160003961995
avanc_09,baseline,3,0.03585049998946488
avanc_09,baseline,4,0.0347567000426352
avanc_09,baseline,5,0.03577509999740869
avanc_09,baseline,6,0.03354599996237084
avanc_09,baseline,7,0.03529959998559207
avanc_09,baseline,8,0.04187330004060641
avanc_09,baseline,9,0.04481820005457848
avanc_09,baseline,10,0.035797799995634705
avanc_09,baseline,11,0.03628759999992326
avanc_09,baseline,12,0.033834800007753074
avanc_09,baseline,13,0.03246799996122718
avanc_09,baseline,14,0.031781199970282614
avanc_09,baseline,15,0.030533600016497076
avanc_09,baseline,16,0.03456170001300052
avanc_09,baseline,17,0.036138400027994066
avanc_09,baseline,18,0.042078199971001595
avanc_09,baseline,19,0.04031779995420948
avanc_09,baseline,20,0.0444046999909915
avanc_10,baseline,1,0.021899100043810904
avanc_10,baseline,2,0.01922810001997277
avanc_10,baseline,3,0.017942699952982366
avanc_10,baseline,4,0.01808429998345673
avanc_10,baseline,5,0.023026700015179813
avanc_10,baseline,6,0.022106100048404187
avanc_10,baseline,7,0.01986809994559735
avanc_10,baseline,8,0.018556000024545938
avanc_10,baseline,9,0.01857060001930222
avanc_10,baseline,10,0.018635899992659688
avanc_10,baseline,11,0.01820890000090003
avanc_10,baseline,12,0.0174797999789007
avanc_10,baseline,13,0.022544900013599545
avanc_10,baseline,14,0.017781800008378923
avanc_10,baseline,15,0.02380640001501888
avanc_10,baseline,16,0.018689499993342906
avanc_10,baseline,17,0.02026700001442805
avanc_10,baseline,18,0.02135869994526729
avanc_10,baseline,19,0.017367100052069873
avanc_10,baseline,20,0.01815979997627437
avanc_11,baseline,1,0.0389576000161469
avanc_11,baseline,2,0.033754699979908764
avanc_11,baseline,3,0.03965079999761656
avanc_11,baseline,4,0.034679100033827126
avanc_11,baseline,5,0.03543430002173409
avanc_11,baseline,6,0.03466410003602505
avanc_11,baseline,7,0.03299079998396337
avanc_11,baseline,8,0.043829299975186586
avanc_11,baseline,9,0.03864340001018718
avanc_11,baseline,10,0.04713290004292503
avanc_11,baseline,11,0.036722600052598864
avanc_11,baseline,12,0.03933629998937249
avanc_11,baseline,13,0.03380679996917024
avanc_11,baseline,14,0.041005800012499094
avanc_11,baseline,15,0.032780000008642673
avanc_11,baseline,16,0.03739860001951456
avanc_11,baseline,17,0.0512987999827601
avanc_11,baseline,18,0.034425599966198206
avanc_11,baseline,19,0.03776059998199344
avanc_11,baseline,20,0.03385800000978634
avanc_12,baseline,1,0.017034800024703145
avanc_12,baseline,2,0.016658000007737428
avanc_12,baseline,3,0.015786800009664148
avanc_12,baseline,4,0.015513000020291656
avanc_12,baseline,5,0.018063199997413903
avanc_12,baseline,6,0.015996499976608902
avanc_12,baseline,7,0.017667400010395795
avanc_12,baseline,8,0.015439899987541139
avanc_12,baseline,9,0.015115600021090358
avanc_12,baseline,10,0.014811299974098802
avanc_12,baseline,11,0.01474040001630783
avanc_12,baseline,12,0.013297200028318912
avanc_12,baseline,13,0.01349889999255538
avanc_12,baseline,14,0.014656299958005548
avanc_12,baseline,15,0.014317199995275587
avanc_12,baseline,16,0.015096999995876104
avanc_12,baseline,17,0.015262500033713877
avanc_12,baseline,18,0.01691720000235364
avanc_12,baseline,19,0.014372299949172884
avanc_12,baseline,20,0.014224299986381084
avanc_13,baseline,1,0.03555010003037751
avanc_13,baseline,2,0.037497199955396354
avanc_13,baseline,3,0.03811269998550415
avanc_13,baseline,4,0.0395472000236623
avanc_13,baseline,5,0.04527790000429377
avanc_13,baseline,6,0.043360000010579824
avanc_13,baseline,7,0.04405840003164485
avanc_13,baseline,8,0.047822599997743964
avanc_13,baseline,9,0.0466644000262022
avanc_13,baseline,10,0.04574759997194633
avanc_13,baseline,11,0.04041339998366311
avanc_13,baseline,12,0.04744300001766533
avanc_13,baseline,13,0.04424769995966926
avanc_13,baseline,14,0.044635600002948195
avanc_13,baseline,15,0.047252000018488616
avanc_13,baseline,16,0.047355799993965775
avanc_13,baseline,17,0.0621650000102818
avanc_13,baseline,18,0.03886859997874126
avanc_13,baseline,19,0.04037350002909079
avanc_13,baseline,20,0.04741619998821989
avanc_14,baseline,1,0.027925600006710738
avanc_14,baseline,2,0.030365999962668866
avanc_14,baseline,3,0.02437539998209104
avanc_14,baseline,4,0.024933399981819093
avanc_14,baseline,5,0.029411900031846017
avanc_14,baseline,6,0.02602009999100119
avanc_14,baseline,7,0.023979200050234795
avanc_14,baseline,8,0.028921800025273114
avanc_14,baseline,9,0.02905890002148226
avanc_14,baseline,10,0.02509399998234585
avanc_14,baseline,11,0.02406580001115799
avanc_14,baseline,12,0.0314055000199005
avanc_14,baseline,13,0.025857399974483997
avanc_14,baseline,14,0.023603200039360672
avanc_14,baseline,15,0.038593600038439035
avanc_14,baseline,16,0.02741109998896718
avanc_14,baseline,17,0.02356629999121651
avanc_14,baseline,18,0.03024999995250255
avanc_14,baseline,19,0.025824000011198223
avanc_14,baseline,20,0.02379579999251291
avanc_15,baseline,1,0.01749019999988377
avanc_15,baseline,2,0.016922199982218444
avanc_15,baseline,3,0.01908289996208623
avanc_15,baseline,4,0.016231300018262118
avanc_15,baseline,5,0.01994520000880584
avanc_15,baseline,6,0.01678960002027452
avanc_15,baseline,7,0.022238400008063763
avanc_15,baseline,8,0.016277600021567196
avanc_15,baseline,9,0.018899000016972423
avanc_15,baseline,10,0.016992099990602583
avanc_15,baseline,11,0.02008640003623441
avanc_15,baseline,12,0.017312999989371747
avanc_15,baseline,13,0.020239499979652464
avanc_15,baseline,14,0.016676200029905885
avanc_15,baseline,15,0.021895700017921627
avanc_15,baseline,16,0.016258299991022795
avanc_15,baseline,17,0.01922370004467666
avanc_15,baseline,18,0.017237599997315556
avanc_15,baseline,19,0.017092299996875226
avanc_15,baseline,20,0.019469099992420524
avanc_16,baseline,1,0.010928899981081486
avanc_16,baseline,2,0.011278700025286525
avanc_16,baseline,3,0.013041600002907217
avanc_16,baseline,4,0.011316999967675656
avanc_16,baseline,5,0.011580699996557087
avanc_16,baseline,6,0.010963500011712313
avanc_16,baseline,7,0.010925100010354072
avanc_16,baseline,8,0.010891899990383536
avanc_16,baseline,9,0.011161600006744266
avanc_16,baseline,10,0.01140110002597794
avanc_16,baseline,11,0.011271699971985072
avanc_16,baseline,12,0.014651399978902191
avanc_16,baseline,13,0.011070100008510053
avanc_16,baseline,14,0.01182780001545325
avanc_16,baseline,15,0.014618900022469461
avanc_16,baseline,16,0.011197200044989586
avanc_16,baseline,17,0.011300699959974736
avanc_16,baseline,18,0.014794300019275397
avanc_16,baseline,19,0.010891099984291941
avanc_16,baseline,20,0.011809399991761893
avanc_17,baseline,1,0.02359890000661835
avanc_17,baseline,2,0.017809699987992644
avanc_17,baseline,3,0.019999300013296306
avanc_17,baseline,4,0.01954529999056831
avanc_17,baseline,5,0.025672200019471347
avanc_17,baseline,6,0.01777199999196455
avanc_17,baseline,7,0.02452350000385195
avanc_17,baseline,8,0.018050700018648058
avanc_17,baseline,9,0.019848500029183924
avanc_17,baseline,10,0.019828699994832277
avanc_17,baseline,11,0.01782680000178516
avanc_17,baseline,12,0.018590299994684756
avanc_17,baseline,13,0.018125500006135553
avanc_17,baseline,14,0.01965329999802634
avanc_17,baseline,15,0.01799399999435991
avanc_17,baseline,16,0.017729900020640343
avanc_17,baseline,17,0.025697399978525937
avanc_17,baseline,18,0.018187799956649542
avanc_17,baseline,19,0.01802680001128465
avanc_17,baseline,20,0.020583099976647645
avanc_18,baseline,1,0.0500088999979198
avanc_18,baseline,2,0.04603949998272583
avanc_18,baseline,3,0.04678650002460927
avanc_18,baseline,4,0.045577599958050996
avanc_18,baseline,5,0.04677439999068156
avanc_18,baseline,6,0.04329689999576658
avanc_18,baseline,7,0.04276019998360425
avanc_18,baseline,8,0.049987000005785376
avanc_18,baseline,9,0.049018400022760034
avanc_18,baseline,10,0.04730480001308024
avanc_18,baseline,11,0.04597699997248128
avanc_18,baseline,12,0.0453797000227496
avanc_18,baseline,13,0.045311099966056645
avanc_18,baseline,14,0.04850650002481416
avanc_18,baseline,15,0.047368899977300316
avanc_18,baseline,16,0.049343899998348206
avanc_18,baseline,17,0.04819400003179908
avanc_18,baseline,18,0.043641299998853356
avanc_18,baseline,19,0.054319199989549816
avanc_18,baseline,20,0.043632400047499686
avanc_19,baseline,1,0.015554999990854412
avanc_19,baseline,2,0.023936200013849884
avanc_19,baseline,3,0.01561330002732575
avanc_19,baseline,4,0.020379099994897842
avanc_19,baseline,5,0.017236599989701062
avanc_19,baseline,6,0.01882079994538799
avanc_19,baseline,7,0.01664739998523146
avanc_19,baseline,8,0.018076599983032793
avanc_19,baseline,9,0.017453900014515966
avanc_19,baseline,10,0.017027499969117343
avanc_19,baseline,11,0.023351799987722188
avanc_19,baseline,12,0.01680300000589341
avanc_19,baseline,13,0.017963399994187057
avanc_19,baseline,14,0.015515799983404577
avanc_19,baseline,15,0.015215800027363002
avanc_19,baseline,16,0.015843500033952296
avanc_19,baseline,17,0.015281900006812066
avanc_19,baseline,18,0.015218299988191575
avanc_19,baseline,19,0.015199000015854836
avanc_19,baseline,20,0.015397100010886788
avanc_20,baseline,1,0.018372599966824055
avanc_20,baseline,2,0.01868440001271665
avanc_20,baseline,3,0.01790669996989891
avanc_20,baseline,4,0.018360699992626905
avanc_20,baseline,5,0.017639100027736276
avanc_20,baseline,6,0.01880740001797676
avanc_20,baseline,7,0.018093799997586757
avanc_20,baseline,8,0.01831539999693632
avanc_20,baseline,9,0.01786379999248311
avanc_20,baseline,10,0.019959099998231977
avanc_20,baseline,11,0.01951119996374473
avanc_20,baseline,12,0.02030249999370426
avanc_20,baseline,13,0.021242699993308634
avanc_20,baseline,14,0.02462740003829822
avanc_20,baseline,15,0.019409700005780905
avanc_20,baseline,16,0.026507000031415373
avanc_20,baseline,17,0.01924140000483021
avanc_20,baseline,18,0.020473900018259883
avanc_20,baseline,19,0.02474449999863282
avanc_20,baseline,20,0.019926800043322146
inter_01,plano1,1,0.035806800005957484
inter_01,plano1,2,0.023829100013244897
inter_01,plano1,3,0.022028099978342652
inter_01,plano1,4,0.021351699950173497
inter_01,plano1,5,0.024832300026901066
inter_01,plano1,6,0.01997670001583174
inter_01,plano1,7,0.02481829997850582
inter_01,plano1,8,0.02482430002419278
inter_01,plano1,9,0.020609800005331635
inter_01,plano1,10,0.02680809999583289
inter_01,plano1,11,0.020267600018996745
inter_01,plano1,12,0.026229899958707392
inter_01,plano1,13,0.02003590000094846
inter_01,plano1,14,0.0248210999998264
inter_01,plano1,15,0.0213586000027135
inter_01,plano1,16,0.02141509996727109
inter_01,plano1,17,0.025148099986836314
inter_01,plano1,18,0.019933000032324344
inter_01,plano1,19,0.027677499980200082
inter_01,plano1,20,0.020771800016518682
inter_02,plano1,1,0.06476280000060797
inter_02,plano1,2,0.0458261999883689
inter_02,plano1,3,0.04655899998033419
inter_02,plano1,4,0.05146210000384599
inter_02,plano1,5,0.04779829998733476
inter_02,plano1,6,0.048000400012824684
inter_02,plano1,7,0.050400399952195585
inter_02,plano1,8,0.05000079999445006
inter_02,plano1,9,0.045167399977799505
inter_02,plano1,10,0.044491800013929605
inter_02,plano1,11,0.04754130000947043
inter_02,plano1,12,0.04793259996222332
inter_02,plano1,13,0.05151089996797964
inter_02,plano1,14,0.04809009999735281
inter_02,plano1,15,0.05291739996755496
inter_02,plano1,16,0.04991909995442256
inter_02,plano1,17,0.05011780001223087
inter_02,plano1,18,0.050203600025270134
inter_02,plano1,19,0.06564319995231926
inter_02,plano1,20,0.0486248999950476
inter_03,plano1,1,0.017673700000159442
inter_03,plano1,2,0.016903799958527088
inter_03,plano1,3,0.01777460001176223
inter_03,plano1,4,0.017035899974871427
inter_03,plano1,5,0.016777200042270124
inter_03,plano1,6,0.021068100002594292
inter_03,plano1,7,0.01630379998823628
inter_03,plano1,8,0.020591799984686077
inter_03,plano1,9,0.01667120005004108
inter_03,plano1,10,0.020615299989003688
inter_03,plano1,11,0.017086400010157377
inter_03,plano1,12,0.0162887999904342
inter_03,plano1,13,0.015722099982667714
inter_03,plano1,14,0.016693699988536537
inter_03,plano1,15,0.016114499943796545
inter_03,plano1,16,0.019485099997837096
inter_03,plano1,17,0.01620010001352057
inter_03,plano1,18,0.01639549998799339
inter_03,plano1,19,0.01943719998234883
inter_03,plano1,20,0.016572299995459616
inter_04,plano1,1,0.038404100050684065
inter_04,plano1,2,0.03397780004888773
inter_04,plano1,3,0.033640299981925637
inter_04,plano1,4,0.03211540001211688
inter_04,plano1,5,0.031757700024172664
inter_04,plano1,6,0.03368250001221895
inter_04,plano1,7,0.030408999999053776
inter_04,plano1,8,0.03631450003013015
inter_04,plano1,9,0.04047329997410998
inter_04,plano1,10,0.03562219999730587
inter_04,plano1,11,0.03364480001619086
inter_04,plano1,12,0.033954599988646805
inter_04,plano1,13,0.03215990000171587
inter_04,plano1,14,0.03293119999580085
inter_04,plano1,15,0.03047380002681166
inter_04,plano1,16,0.03486339998198673
inter_04,plano1,17,0.03222139994613826
inter_04,plano1,18,0.035512000031303614
inter_04,plano1,19,0.03398770000785589
inter_04,plano1,20,0.0325287000159733
inter_05,plano1,1,0.05045490001793951
inter_05,plano1,2,0.05469670001184568
inter_05,plano1,3,0.04821149999042973
inter_05,plano1,4,0.05426119995536283
inter_05,plano1,5,0.05398710002191365
inter_05,plano1,6,0.04908140003681183
inter_05,plano1,7,0.05227069999091327
inter_05,plano1,8,0.051765199983492494
inter_05,plano1,9,0.05021860002307221
inter_05,plano1,10,0.05405059998156503
inter_05,plano1,11,0.050704200053587556
inter_05,plano1,12,0.051758899993728846
inter_05,plano1,13,0.051531000004615635
inter_05,plano1,14,0.048747099994216114
inter_05,plano1,15,0.05164139997214079
inter_05,plano1,16,0.052291300031356514
inter_05,plano1,17,0.04879790003178641
inter_05,plano1,18,0.05293190001975745
inter_05,plano1,19,0.05607480002800003
inter_05,plano1,20,0.053414100024383515
inter_06,plano1,1,0.07089829997858033
inter_06,plano1,2,0.07185110001591966
inter_06,plano1,3,0.07117080001626164
inter_06,plano1,4,0.06748620001599193
inter_06,plano1,5,0.06983240001136437
inter_06,plano1,6,0.06836159998783842
inter_06,plano1,7,0.07414959999732673
inter_06,plano1,8,0.06929150002542883
inter_06,plano1,9,0.07138439995469525
inter_06,plano1,10,0.06662970001343638
inter_06,plano1,11,0.06604560004780069
inter_06,plano1,12,0.07447059999685735
inter_06,plano1,13,0.06891140004154295
inter_06,plano1,14,0.07090669998433441
inter_06,plano1,15,0.06567949999589473
inter_06,plano1,16,0.0709198999684304
inter_06,plano1,17,0.06542860000627115
inter_06,plano1,18,0.07323720003478229
inter_06,plano1,19,0.0656584000098519
inter_06,plano1,20,0.0676067000022158
inter_07,plano1,1,0.016844599973410368
inter_07,plano1,2,0.017861699976492673
inter_07,plano1,3,0.06518090004101396
inter_07,plano1,4,0.017215600004419684
inter_07,plano1,5,0.015505900024436414
inter_07,plano1,6,0.017347299959510565
inter_07,plano1,7,0.015812500030733645
inter_07,plano1,8,0.016335599997546524
inter_07,plano1,9,0.01566949998959899
inter_07,plano1,10,0.015477299981284887
inter_07,plano1,11,0.015051900001708418
inter_07,plano1,12,0.016505999956279993
inter_07,plano1,13,0.01827429997501895
inter_07,plano1,14,0.016664099995978177
inter_07,plano1,15,0.015928500040899962
inter_07,plano1,16,0.02233369997702539
inter_07,plano1,17,0.016072800033725798
inter_07,plano1,18,0.019308599992655218
inter_07,plano1,19,0.016484100022353232
inter_07,plano1,20,0.01743989996612072
inter_08,plano1,1,0.017239600012544543
inter_08,plano1,2,0.019469100050628185
inter_08,plano1,3,0.018809299974236637
inter_08,plano1,4,0.020726600021589547
inter_08,plano1,5,0.0179276000126265
inter_08,plano1,6,0.018843800004106015
inter_08,plano1,7,0.01709009998012334
inter_08,plano1,8,0.020851699984632432
inter_08,plano1,9,0.017759200010914356
inter_08,plano1,10,0.018888599995989352
inter_08,plano1,11,0.01751999999396503
inter_08,plano1,12,0.02380799996899441
inter_08,plano1,13,0.018593600019812584
inter_08,plano1,14,0.02159739995840937
inter_08,plano1,15,0.01754939998500049
inter_08,plano1,16,0.021968399989418685
inter_08,plano1,17,0.01780569995753467
inter_08,plano1,18,0.019301599997561425
inter_08,plano1,19,0.017969199980143458
inter_08,plano1,20,0.023443699989002198
inter_09,plano1,1,0.018227299966383725
inter_09,plano1,2,0.022142099973279983
inter_09,plano1,3,0.01829199999338016
inter_09,plano1,4,0.019700300006661564
inter_09,plano1,5,0.01847270003054291
inter_09,plano1,6,0.02516049996484071
inter_09,plano1,7,0.017688499996438622
inter_09,plano1,8,0.022511899995151907
inter_09,plano1,9,0.018334000022150576
inter_09,plano1,10,0.02434719994198531
inter_09,plano1,11,0.018043999967630953
inter_09,plano1,12,0.020814499992411584
inter_09,plano1,13,0.020441300002858043
inter_09,plano1,14,0.018463400017935783
inter_09,plano1,15,0.01767430000472814
inter_09,plano1,16,0.017966199957299978
inter_09,plano1,17,0.023275400046259165
inter_09,plano1,18,0.01851109997369349
inter_09,plano1,19,0.019697499985340983
inter_09,plano1,20,0.021874799975194037
inter_10,plano1,1,0.011703900003340095
inter_10,plano1,2,0.01764610002283007
inter_10,plano1,3,0.013034300005529076
inter_10,plano1,4,0.013284699991345406
inter_10,plano1,5,0.017028599977493286
inter_10,plano1,6,0.013526299968361855
inter_10,plano1,7,0.013366799976211041
inter_10,plano1,8,0.01727849995950237
inter_10,plano1,9,0.013099500036332756
inter_10,plano1,10,0.013810299977194518
inter_10,plano1,11,0.012760699959471822
inter_10,plano1,12,0.010464099992532283
inter_10,plano1,13,0.012164099956862628
inter_10,plano1,14,0.01269440003670752
inter_10,plano1,15,0.015083800011780113
inter_10,plano1,16,0.01298619998851791
inter_10,plano1,17,0.012581599992699921
inter_10,plano1,18,0.01619270001538098
inter_10,plano1,19,0.012699200015049428
inter_10,plano1,20,0.01289600000018254
avanc_01,plano1,1,0.04808799998136237
avanc_01,plano1,2,0.047955700021702796
avanc_01,plano1,3,0.03936479997355491
avanc_01,plano1,4,0.043214799952693284
avanc_01,plano1,5,0.040599500003736466
avanc_01,plano1,6,0.040177599992603064
avanc_01,plano1,7,0.040037899976596236
avanc_01,plano1,8,0.041490099974907935
avanc_01,plano1,9,0.03970700001809746
avanc_01,plano1,10,0.039646300021559
avanc_01,plano1,11,0.04231129999971017
avanc_01,plano1,12,0.037990700046066195
avanc_01,plano1,13,0.04223960003582761
avanc_01,plano1,14,0.0499089999939315
avanc_01,plano1,15,0.04652370000258088
avanc_01,plano1,16,0.04655490000732243
avanc_01,plano1,17,0.04101970000192523
avanc_01,plano1,18,0.04740590002620593
avanc_01,plano1,19,0.04228069999953732
avanc_01,plano1,20,0.04108070000074804
avanc_02,plano1,1,4.209702699969057
avanc_02,plano1,2,4.173517799994443
avanc_02,plano1,3,4.231098799966276
avanc_02,plano1,4,4.18514860002324
avanc_02,plano1,5,4.160592300002463
avanc_02,plano1,6,4.125676799973007
avanc_02,plano1,7,4.218433000030927
avanc_02,plano1,8,4.137603999988642
avanc_02,plano1,9,4.1681282999925315
avanc_02,plano1,10,4.176363700011279
avanc_02,plano1,11,4.226061799970921
avanc_02,plano1,12,4.224140000005718
avanc_02,plano1,13,4.1634558999794535
avanc_02,plano1,14,4.154165000014473
avanc_02,plano1,15,4.96088480000617
avanc_02,plano1,16,4.270320300012827
avanc_02,plano1,17,4.745138899947051
avanc_02,plano1,18,6.51317759999074
avanc_02,plano1,19,8.244263799977489
avanc_02,plano1,20,9.041138999979012
avanc_03,plano1,1,0.3379053000244312
avanc_03,plano1,2,0.3505168999545276
avanc_03,plano1,3,0.1653154999949038
avanc_03,plano1,4,0.1629378999932669
avanc_03,plano1,5,0.21724580001318827
avanc_03,plano1,6,0.9023869000375271
avanc_03,plano1,7,0.18645180005114526
avanc_03,plano1,8,0.1399739000480622
avanc_03,plano1,9,0.12422689999220893
avanc_03,plano1,10,0.1299013000098057
avanc_03,plano1,11,0.1282078999793157
avanc_03,plano1,12,0.1301136999973096
avanc_03,plano1,13,0.12570919998688623
avanc_03,plano1,14,0.13456269999733195
avanc_03,plano1,15,0.12565429997630417
avanc_03,plano1,16,0.20039149996591732
avanc_03,plano1,17,0.1288652999792248
avanc_03,plano1,18,0.1304534000228159
avanc_03,plano1,19,0.12810549995629117
avanc_03,plano1,20,0.1303491999860853
avanc_04,plano1,1,0.06160459999227896
avanc_04,plano1,2,0.06640569999581203
avanc_04,plano1,3,0.0674822999862954
avanc_04,plano1,4,0.06569409999065101
avanc_04,plano1,5,0.06611429998883978
avanc_04,plano1,6,0.06547709996812046
avanc_04,plano1,7,0.06353129999479279
avanc_04,plano1,8,0.0660494000185281
avanc_04,plano1,9,0.06402190000517294
avanc_04,plano1,10,0.06608340004459023
avanc_04,plano1,11,0.06314590002875775
avanc_04,plano1,12,0.06381680001504719
avanc_04,plano1,13,0.06103149999398738
avanc_04,plano1,14,0.06628359999740496
avanc_04,plano1,15,0.06037039996590465
avanc_04,plano1,16,0.06558090000180528
avanc_04,plano1,17,0.06348910002270713
avanc_04,plano1,18,0.07095670001581311
avanc_04,plano1,19,0.06124369997996837
avanc_04,plano1,20,0.06715090002398938
avanc_05,plano1,1,1.5987749000196345
avanc_05,plano1,2,1.6993872000020929
avanc_05,plano1,3,1.6012788999942131
avanc_05,plano1,4,1.6195015999837779
avanc_05,plano1,5,2.0429349999758415
avanc_05,plano1,6,1.5613120999769308
avanc_05,plano1,7,1.5182235999964178
avanc_05,plano1,8,1.5803014999837615
avanc_05,plano1,9,1.5961708000395447
avanc_05,plano1,10,1.5573339000111446
avanc_05,plano1,11,1.562052000022959
avanc_05,plano1,12,1.5827969000092708
avanc_05,plano1,13,1.5940160999889486
avanc_05,plano1,14,1.5896181999705732
avanc_05,plano1,15,1.588848199986387
avanc_05,plano1,16,1.578107000037562
avanc_05,plano1,17,1.9717404000111856
avanc_05,plano1,18,1.6191077000112273
avanc_05,plano1,19,1.6362437999923714
avanc_05,plano1,20,1.558460800035391
avanc_06,plano1,1,0.14526080002542585
avanc_06,plano1,2,0.15243049996206537
avanc_06,plano1,3,0.14629250002326444
avanc_06,plano1,4,0.14915899996412918
avanc_06,plano1,5,0.15212049998808652
avanc_06,plano1,6,0.14920109999366105
avanc_06,plano1,7,0.15396129997679964
avanc_06,plano1,8,0.15391079999972135
avanc_06,plano1,9,0.16524530004244298
avanc_06,plano1,10,0.15524240001104772
avanc_06,plano1,11,0.14622890000464395
avanc_06,plano1,12,0.14945099997567013
avanc_06,plano1,13,0.1493684999877587
avanc_06,plano1,14,0.14633060002233833
avanc_06,plano1,15,0.15000640001380816
avanc_06,plano1,16,0.1520722999703139
avanc_06,plano1,17,0.1487222000141628
avanc_06,plano1,18,0.15050459996564314
avanc_06,plano1,19,0.1476931999786757
avanc_06,plano1,20,0.14846789999864995
avanc_07,plano1,1,0.8883908999850973
avanc_07,plano1,2,0.835785900009796
avanc_07,plano1,3,0.8569335999782197
avanc_07,plano1,4,0.8292723000049591
avanc_07,plano1,5,0.8470730999833904
avanc_07,plano1,6,0.8438391999807209
avanc_07,plano1,7,0.8231215999694541
avanc_07,plano1,8,0.8709649999509566
avanc_07,plano1,9,0.8421346999821253
avanc_07,plano1,10,0.8764970000484027
avanc_07,plano1,11,0.8316018999903463
avanc_07,plano1,12,0.8266481999889947
avanc_07,plano1,13,0.8496666999999434
avanc_07,plano1,14,0.8991523999720812
avanc_07,plano1,15,1.278922900033649
avanc_07,plano1,16,0.8345202000346035
avanc_07,plano1,17,0.8602203999762423
avanc_07,plano1,18,1.101831800013315
avanc_07,plano1,19,0.8630309999571182
avanc_07,plano1,20,0.833094000001438
avanc_08,plano1,1,0.2275478999945335
avanc_08,plano1,2,0.2192285000346601
avanc_08,plano1,3,0.23625719995470718
avanc_08,plano1,4,0.2228781000012532
avanc_08,plano1,5,0.22391320002498105
avanc_08,plano1,6,0.2172854000236839
avanc_08,plano1,7,0.22269360005157068
avanc_08,plano1,8,0.22105569997802377
avanc_08,plano1,9,0.232229900022503
avanc_08,plano1,10,0.2231187999714166
avanc_08,plano1,11,0.2257190000382252
avanc_08,plano1,12,0.23913830000674352
avanc_08,plano1,13,0.21982749999733642
avanc_08,plano1,14,0.21972220001043752
avanc_08,plano1,15,0.22486650000791997
avanc_08,plano1,16,0.22934479999821633
avanc_08,plano1,17,0.2247518000076525
avanc_08,plano1,18,0.22096179996151477
avanc_08,plano1,19,0.2239071999792941
avanc_08,plano1,20,0.2292493000277318
avanc_09,plano1,1,0.044696500001009554
avanc_09,plano1,2,0.041214400029275566
avanc_09,plano1,3,0.03674710000632331
avanc_09,plano1,4,0.038595099991653115
avanc_09,plano1,5,0.04981710005085915
avanc_09,plano1,6,0.043619100004434586
avanc_09,plano1,7,0.0405946999671869
avanc_09,plano1,8,0.03407230001175776
avanc_09,plano1,9,0.043989599973428994
avanc_09,plano1,10,0.0432880999869667
avanc_09,plano1,11,0.040162399993278086
avanc_09,plano1,12,0.03188429999863729
avanc_09,plano1,13,0.044388200039975345
avanc_09,plano1,14,0.038778599991928786
avanc_09,plano1,15,0.04181560000870377
avanc_09,plano1,16,0.0397771000280045
avanc_09,plano1,17,0.03941819997271523
avanc_09,plano1,18,0.0377034000121057
avanc_09,plano1,19,0.03781479998724535
avanc_09,plano1,20,0.038183099997695535
avanc_10,plano1,1,0.016757300007157028
avanc_10,plano1,2,0.01984030002495274
avanc_10,plano1,3,0.017634399991948158
avanc_10,plano1,4,0.01994079997530207
avanc_10,plano1,5,0.016440799983683974
avanc_10,plano1,6,0.023893300036434084
avanc_10,plano1,7,0.017604799999389797
avanc_10,plano1,8,0.018645600008312613
avanc_10,plano1,9,0.019958999997470528
avanc_10,plano1,10,0.016227399988565594
avanc_10,plano1,11,0.016354700026568025
avanc_10,plano1,12,0.016853900044225156
avanc_10,plano1,13,0.020741700020153075
avanc_10,plano1,14,0.017317299963906407
avanc_10,plano1,15,0.025557300017680973
avanc_10,plano1,16,0.017164000018965453
avanc_10,plano1,17,0.02161200001137331
avanc_10,plano1,18,0.01622789999237284
avanc_10,plano1,19,0.026019599987193942
avanc_10,plano1,20,0.01723699999274686
avanc_11,plano1,1,0.04676869994727895
avanc_11,plano1,2,0.037123799964319915
avanc_11,plano1,3,0.041078400041442364
avanc_11,plano1,4,0.038744700024835765
avanc_11,plano1,5,0.03310289996443316
avanc_11,plano1,6,0.041635300032794476
avanc_11,plano1,7,0.035892599960789084
avanc_11,plano1,8,0.03286239999579266
avanc_11,plano1,9,0.03414459998020902
avanc_11,plano1,10,0.03352219995576888
avanc_11,plano1,11,0.03362240002024919
avanc_11,plano1,12,0.03346679999958724
avanc_11,plano1,13,0.0468072000076063
avanc_11,plano1,14,0.04433279996737838
avanc_11,plano1,15,0.041405399970244616
avanc_11,plano1,16,0.033044799987692386
avanc_11,plano1,17,0.04177960002562031
avanc_11,plano1,18,0.03734980005538091
avanc_11,plano1,19,0.03590499999700114
avanc_11,plano1,20,0.03966800001217052
avanc_12,plano1,1,0.014787399966735393
avanc_12,plano1,2,0.015090400003828108
avanc_12,plano1,3,0.014492099988274276
avanc_12,plano1,4,0.01657439995324239
avanc_12,plano1,5,0.014588899968657643
avanc_12,plano1,6,0.013767900003585964
avanc_12,plano1,7,0.021883100038394332
avanc_12,plano1,8,0.016199400008190423
avanc_12,plano1,9,0.018565400037914515
avanc_12,plano1,10,0.01634830003604293
avanc_12,plano1,11,0.01643540000077337
avanc_12,plano1,12,0.015733399952296168
avanc_12,plano1,13,0.015991899999789894
avanc_12,plano1,14,0.024922600015997887
avanc_12,plano1,15,0.0153524000197649
avanc_12,plano1,16,0.0193598999758251
avanc_12,plano1,17,0.015696500020567328
avanc_12,plano1,18,0.018171300005633384
avanc_12,plano1,19,0.015339699981268495
avanc_12,plano1,20,0.015400799980852753
avanc_13,plano1,1,0.053187199984677136
avanc_13,plano1,2,0.05041899997740984
avanc_13,plano1,3,0.03822059999220073
avanc_13,plano1,4,0.04135409998707473
avanc_13,plano1,5,0.04348829999798909
avanc_13,plano1,6,0.04175490001216531
avanc_13,plano1,7,0.040799800015520304
avanc_13,plano1,8,0.041724300011992455
avanc_13,plano1,9,0.0491640999680385
avanc_13,plano1,10,0.045115699991583824
avanc_13,plano1,11,0.042664900014642626
avanc_13,plano1,12,0.04281590000027791
avanc_13,plano1,13,0.05163100000936538
avanc_13,plano1,14,0.051203500013798475
avanc_13,plano1,15,0.06000800000037998
avanc_13,plano1,16,0.040998100012075156
avanc_13,plano1,17,0.039873600006103516
avanc_13,plano1,18,0.04259489994728938
avanc_13,plano1,19,0.04041410004720092
avanc_13,plano1,20,0.04425289999926463
avanc_14,plano1,1,0.024970300029963255
avanc_14,plano1,2,0.03193040000041947
avanc_14,plano1,3,0.02621870004804805
avanc_14,plano1,4,0.024813399999402463
avanc_14,plano1,5,0.031035499996505678
avanc_14,plano1,6,0.031967999995686114
avanc_14,plano1,7,0.02415599999949336
avanc_14,plano1,8,0.024103100004140288
avanc_14,plano1,9,0.031699799990747124
avanc_14,plano1,10,0.027667800022754818
avanc_14,plano1,11,0.027340799977537245
avanc_14,plano1,12,0.030509999953210354
avanc_14,plano1,13,0.029427400033455342
avanc_14,plano1,14,0.026205800008028746
avanc_14,plano1,15,0.027852899977006018
avanc_14,plano1,16,0.027337500010617077
avanc_14,plano1,17,0.02991669997572899
avanc_14,plano1,18,0.024550700036343187
avanc_14,plano1,19,0.03176250000251457
avanc_14,plano1,20,0.02245380001841113
avanc_15,plano1,1,0.01699540001573041
avanc_15,plano1,2,0.015365400002337992
avanc_15,plano1,3,0.01465160003863275
avanc_15,plano1,4,0.015295799996238202
avanc_15,plano1,5,0.015213599952403456
avanc_15,plano1,6,0.017061399994418025
avanc_15,plano1,7,0.014987499976996332
avanc_15,plano1,8,0.016173600044567138
avanc_15,plano1,9,0.0153273000032641
avanc_15,plano1,10,0.015801599947735667
avanc_15,plano1,11,0.01529160002246499
avanc_15,plano1,12,0.015603900013957173
avanc_15,plano1,13,0.015293900039978325
avanc_15,plano1,14,0.015301799983717501
avanc_15,plano1,15,0.016321100003551692
avanc_15,plano1,16,0.014557800022885203
avanc_15,plano1,17,0.018506400054320693
avanc_15,plano1,18,0.015733600012026727
avanc_15,plano1,19,0.01831569999922067
avanc_15,plano1,20,0.01722089998656884
avanc_16,plano1,1,0.014219400007277727
avanc_16,plano1,2,0.011425299977418035
avanc_16,plano1,3,0.011179100023582578
avanc_16,plano1,4,0.014184100029524416
avanc_16,plano1,5,0.012909999990370125
avanc_16,plano1,6,0.012162700004409999
avanc_16,plano1,7,0.011509899981319904
avanc_16,plano1,8,0.009685500001069158
avanc_16,plano1,9,0.011096199974417686
avanc_16,plano1,10,0.01181280001765117
avanc_16,plano1,11,0.009733399958349764
avanc_16,plano1,12,0.011503299989271909
avanc_16,plano1,13,0.01275659998646006
avanc_16,plano1,14,0.01177730003837496
avanc_16,plano1,15,0.016739799990318716
avanc_16,plano1,16,0.01175509998574853
avanc_16,plano1,17,0.013250099960714579
avanc_16,plano1,18,0.014581199968233705
avanc_16,plano1,19,0.011832499993033707
avanc_16,plano1,20,0.01302050001686439
avanc_17,plano1,1,0.027006999996956438
avanc_17,plano1,2,0.018464300024788827
avanc_17,plano1,3,0.02673119999235496
avanc_17,plano1,4,0.018902899988461286
avanc_17,plano1,5,0.02704660000745207
avanc_17,plano1,6,0.01841950003290549
avanc_17,plano1,7,0.026014900009613484
avanc_17,plano1,8,0.018329499987885356
avanc_17,plano1,9,0.022632300038821995
avanc_17,plano1,10,0.022368900012224913
avanc_17,plano1,11,0.02097800001502037
avanc_17,plano1,12,0.018397999985609204
avanc_17,plano1,13,0.028938999981619418
avanc_17,plano1,14,0.018330799997784197
avanc_17,plano1,15,0.027272499981336296
avanc_17,plano1,16,0.01863690000027418
avanc_17,plano1,17,0.018814300012309104
avanc_17,plano1,18,0.01988879998680204
avanc_17,plano1,19,0.01820440002484247
avanc_17,plano1,20,0.01963559997966513
avanc_18,plano1,1,0.04893280001124367
avanc_18,plano1,2,0.04825409996556118
avanc_18,plano1,3,0.05155289999675006
avanc_18,plano1,4,0.05024720000801608
avanc_18,plano1,5,0.04599170002620667
avanc_18,plano1,6,0.04645299998810515
avanc_18,plano1,7,0.048979699960909784
avanc_18,plano1,8,0.05244909995235503
avanc_18,plano1,9,0.04724990000249818
avanc_18,plano1,10,0.04975270002614707
avanc_18,plano1,11,0.05200379999587312
avanc_18,plano1,12,0.06411530001787469
avanc_18,plano1,13,0.04679510003188625
avanc_18,plano1,14,0.05078190000494942
avanc_18,plano1,15,0.04934300004970282
avanc_18,plano1,16,0.051842199987731874
avanc_18,plano1,17,0.04703700001118705
avanc_18,plano1,18,0.051641799975186586
avanc_18,plano1,19,0.054454099969007075
avanc_18,plano1,20,0.05515690002357587
avanc_19,plano1,1,0.016577000031247735
avanc_19,plano1,2,0.01867829996626824
avanc_19,plano1,3,0.018211100017651916
avanc_19,plano1,4,0.020937299996148795
avanc_19,plano1,5,0.017889900016598403
avanc_19,plano1,6,0.01929199998266995
avanc_19,plano1,7,0.019459000031929463
avanc_19,plano1,8,0.020543400023598224
avanc_19,plano1,9,0.017405100050382316
avanc_19,plano1,10,0.017403699981514364
avanc_19,plano1,11,0.016203599981963634
avanc_19,plano1,12,0.01754789997357875
avanc_19,plano1,13,0.02653999999165535
avanc_19,plano1,14,0.0171334000187926
avanc_19,plano1,15,0.03264889999991283
avanc_19,plano1,16,0.01698820001911372
avanc_19,plano1,17,0.025897699990309775
avanc_19,plano1,18,0.01724570000078529
avanc_19,plano1,19,0.019075400021392852
avanc_19,plano1,20,0.017178300011437386
avanc_20,plano1,1,0.0239766999729909
avanc_20,plano1,2,0.019793700019363314
avanc_20,plano1,3,0.01979879999998957
avanc_20,plano1,4,0.028029199980665
avanc_20,plano1,5,0.0201054000062868
avanc_20,plano1,6,0.02866599999833852
avanc_20,plano1,7,0.02005629998166114
avanc_20,plano1,8,0.030566299974452704
avanc_20,plano1,9,0.023958200006745756
avanc_20,plano1,10,0.019762900017667562
avanc_20,plano1,11,0.02669679996324703
avanc_20,plano1,12,0.020216699980665
avanc_20,plano1,13,0.028241500025615096
avanc_20,plano1,14,0.019785100012086332
avanc_20,plano1,15,0.02916699997149408
avanc_20,plano1,16,0.020658700028434396
avanc_20,plano1,17,0.021695800009183586
avanc_20,plano1,18,0.023903699999209493
avanc_20,plano1,19,0.02226090000476688
avanc_20,plano1,20,0.02470129996072501
inter_01,plano2,1,0.028369200008455664
inter_01,plano2,2,0.020143400004599243
inter_01,plano2,3,0.027384000015445054
inter_01,plano2,4,0.028577700024470687
inter_01,plano2,5,0.022266299987677485
inter_01,plano2,6,0.02408800000557676
inter_01,plano2,7,0.02317560004303232
inter_01,plano2,8,0.02846150001278147
inter_01,plano2,9,0.02137510001193732
inter_01,plano2,10,0.02205540001159534
inter_01,plano2,11,0.02338400000007823
inter_01,plano2,12,0.025702100014314055
inter_01,plano2,13,0.029185599996708333
inter_01,plano2,14,0.02154240000527352
inter_01,plano2,15,0.03699680004501715
inter_01,plano2,16,0.02094409998971969
inter_01,plano2,17,0.02281210001092404
inter_01,plano2,18,0.019707900006324053
inter_01,plano2,19,0.021102899976540357
inter_01,plano2,20,0.019368400040548295
inter_02,plano2,1,0.05701240000780672
inter_02,plano2,2,0.06054679997032508
inter_02,plano2,3,0.052498399978503585
inter_02,plano2,4,0.04556270001921803
inter_02,plano2,5,0.04830620001303032
inter_02,plano2,6,0.04666650004219264
inter_02,plano2,7,0.049027099972590804
inter_02,plano2,8,0.05209340003784746
inter_02,plano2,9,0.04223469999851659
inter_02,plano2,10,0.045069699990563095
inter_02,plano2,11,0.0453779999515973
inter_02,plano2,12,0.0430462000076659
inter_02,plano2,13,0.04434610001044348
inter_02,plano2,14,0.04936230002203956
inter_02,plano2,15,0.05273140000645071
inter_02,plano2,16,0.06455730000743642
inter_02,plano2,17,0.04761140001937747
inter_02,plano2,18,0.051850899995770305
inter_02,plano2,19,0.05172379995929077
inter_02,plano2,20,0.05288399994606152
inter_03,plano2,1,0.019805099989753217
inter_03,plano2,2,0.017089399974793196
inter_03,plano2,3,0.019848300027661026
inter_03,plano2,4,0.016445200017187744
inter_03,plano2,5,0.01848750002682209
inter_03,plano2,6,0.01645900000585243
inter_03,plano2,7,0.024124000046867877
inter_03,plano2,8,0.01663540001027286
inter_03,plano2,9,0.0205279000219889
inter_03,plano2,10,0.01738829998066649
inter_03,plano2,11,0.01847539999289438
inter_03,plano2,12,0.016656899999361485
inter_03,plano2,13,0.018232200003694743
inter_03,plano2,14,0.016624400042928755
inter_03,plano2,15,0.016110200027469546
inter_03,plano2,16,0.020229500019922853
inter_03,plano2,17,0.016223799961153418
inter_03,plano2,18,0.025700300000607967
inter_03,plano2,19,0.015797800035215914
inter_03,plano2,20,0.01878949999809265
inter_04,plano2,1,0.04365680000046268
inter_04,plano2,2,0.035132499993778765
inter_04,plano2,3,0.03375649999361485
inter_04,plano2,4,0.033113200042862445
inter_04,plano2,5,0.04705590003868565
inter_04,plano2,6,0.03697680000914261
inter_04,plano2,7,0.03440399997634813
inter_04,plano2,8,0.04041509999660775
inter_04,plano2,9,0.03569509997032583
inter_04,plano2,10,0.03499970003031194
inter_04,plano2,11,0.03338989999610931
inter_04,plano2,12,0.03783840005053207
inter_04,plano2,13,0.030932199966628104
inter_04,plano2,14,0.03710830002091825
inter_04,plano2,15,0.03592910000588745
inter_04,plano2,16,0.03869190003024414
inter_04,plano2,17,0.038451400003395975
inter_04,plano2,18,0.03550769999856129
inter_04,plano2,19,0.034421499993186444
inter_04,plano2,20,0.0326144999708049
inter_05,plano2,1,0.055701700039207935
inter_05,plano2,2,0.05754439998418093
inter_05,plano2,3,0.0584480999968946
inter_05,plano2,4,0.054874699970241636
inter_05,plano2,5,0.06017579999752343
inter_05,plano2,6,0.05476039997301996
inter_05,plano2,7,0.053574000019580126
inter_05,plano2,8,0.05925970000680536
inter_05,plano2,9,0.055688099993858486
inter_05,plano2,10,0.05812459997832775
inter_05,plano2,11,0.05572140001459047
inter_05,plano2,12,0.053967999992892146
inter_05,plano2,13,0.05776150000747293
inter_05,plano2,14,0.053532600053586066
inter_05,plano2,15,0.05372999998508021
inter_05,plano2,16,0.05141960002947599
inter_05,plano2,17,0.05708419997245073
inter_05,plano2,18,0.05690840003080666
inter_05,plano2,19,0.05421949998708442
inter_05,plano2,20,0.056821099948138
inter_06,plano2,1,0.07084409997332841
inter_06,plano2,2,0.07893849996617064
inter_06,plano2,3,0.06750949996057898
inter_06,plano2,4,0.076991000038106
inter_06,plano2,5,0.06710640003439039
inter_06,plano2,6,0.07323639997048303
inter_06,plano2,7,0.07361220003804192
inter_06,plano2,8,0.06653050001477823
inter_06,plano2,9,0.0732480000006035
inter_06,plano2,10,0.06960109999636188
inter_06,plano2,11,0.07392230001278222
inter_06,plano2,12,0.0720556000014767
inter_06,plano2,13,0.0728874999913387
inter_06,plano2,14,0.06687119998969138
inter_06,plano2,15,0.07538580003893003
inter_06,plano2,16,0.06870379997417331
inter_06,plano2,17,0.07079389999853447
inter_06,plano2,18,0.0668079000315629
inter_06,plano2,19,0.07450089999474585
inter_06,plano2,20,0.06976159999612719
inter_07,plano2,1,0.020921099989209324
inter_07,plano2,2,0.016807800042442977
inter_07,plano2,3,0.017947399988770485
inter_07,plano2,4,0.018450899980962276
inter_07,plano2,5,0.01806990004843101
inter_07,plano2,6,0.022175699996296316
inter_07,plano2,7,0.017542899993713945
inter_07,plano2,8,0.024769000010564923
inter_07,plano2,9,0.016337100008968264
inter_07,plano2,10,0.020236799959093332
inter_07,plano2,11,0.01692020002519712
inter_07,plano2,12,0.017270000011194497
inter_07,plano2,13,0.01777909998781979
inter_07,plano2,14,0.018105700029991567
inter_07,plano2,15,0.020960900001227856
inter_07,plano2,16,0.018344699987210333
inter_07,plano2,17,0.022617799986619502
inter_07,plano2,18,0.017594399978406727
inter_07,plano2,19,0.0177912000217475
inter_07,plano2,20,0.016950300021562725
inter_08,plano2,1,0.025230599974747747
inter_08,plano2,2,0.01768150000134483
inter_08,plano2,3,0.02563039999222383
inter_08,plano2,4,0.01827130001038313
inter_08,plano2,5,0.020714599988423288
inter_08,plano2,6,0.019666399981360883
inter_08,plano2,7,0.022796600009314716
inter_08,plano2,8,0.020836199983023107
inter_08,plano2,9,0.0218299999833107
inter_08,plano2,10,0.01917370001319796
inter_08,plano2,11,0.026283300016075373
inter_08,plano2,12,0.01774969999678433
inter_08,plano2,13,0.025894699967466295
inter_08,plano2,14,0.019513599982019514
inter_08,plano2,15,0.02741260000038892
inter_08,plano2,16,0.018168499984312803
inter_08,plano2,17,0.026463499991223216
inter_08,plano2,18,0.0190195000031963
inter_08,plano2,19,0.02138280001236126
inter_08,plano2,20,0.018298299983143806
inter_09,plano2,1,0.018953799968585372
inter_09,plano2,2,0.018984799971804023
inter_09,plano2,3,0.017026200017426163
inter_09,plano2,4,0.026484600035473704
inter_09,plano2,5,0.01733319996856153
inter_09,plano2,6,0.01662200002465397
inter_09,plano2,7,0.01686799997696653
inter_09,plano2,8,0.017035699973348528
inter_09,plano2,9,0.017794899991713464
inter_09,plano2,10,0.016856900008860976
inter_09,plano2,11,0.01732859999174252
inter_09,plano2,12,0.016726899950299412
inter_09,plano2,13,0.017433800036087632
inter_09,plano2,14,0.016949899960309267
inter_09,plano2,15,0.01740889996290207
inter_09,plano2,16,0.016961999994236976
inter_09,plano2,17,0.01790540001820773
inter_09,plano2,18,0.01669039996340871
inter_09,plano2,19,0.016538500029128045
inter_09,plano2,20,0.016639100038446486
inter_10,plano2,1,0.012037799984682351
inter_10,plano2,2,0.011461999965831637
inter_10,plano2,3,0.010693899996113032
inter_10,plano2,4,0.011968199978582561
inter_10,plano2,5,0.011842599953524768
inter_10,plano2,6,0.01295209996169433
inter_10,plano2,7,0.014597800036426634
inter_10,plano2,8,0.018285700003616512
inter_10,plano2,9,0.014931100013200194
inter_10,plano2,10,0.014176899974700063
inter_10,plano2,11,0.01928619999671355
inter_10,plano2,12,0.013762999966274947
inter_10,plano2,13,0.01640409999527037
inter_10,plano2,14,0.017971999943256378
inter_10,plano2,15,0.014252200024202466
inter_10,plano2,16,0.014896999986376613
inter_10,plano2,17,0.01831429998856038
inter_10,plano2,18,0.013745300006121397
inter_10,plano2,19,0.014925999974366277
inter_10,plano2,20,0.017862799984868616
avanc_01,plano2,1,0.047561900049913675
avanc_01,plano2,2,0.04704560001846403
avanc_01,plano2,3,0.04405249998671934
avanc_01,plano2,4,0.04271949996473268
avanc_01,plano2,5,0.04731480003101751
avanc_01,plano2,6,0.04794889996992424
avanc_01,plano2,7,0.04815089999465272
avanc_01,plano2,8,0.044926100003067404
avanc_01,plano2,9,0.04833449999568984
avanc_01,plano2,10,0.0434322000364773
avanc_01,plano2,11,0.048582700022961944
avanc_01,plano2,12,0.04902969999238849
avanc_01,plano2,13,0.04377989994827658
avanc_01,plano2,14,0.040307899995241314
avanc_01,plano2,15,0.038879600004293025
avanc_01,plano2,16,0.04932839999673888
avanc_01,plano2,17,0.04446050000842661
avanc_01,plano2,18,0.0469994000159204
avanc_01,plano2,19,0.048333199985791
avanc_01,plano2,20,0.042239700036589056
avanc_02,plano2,1,4.615240900020581
avanc_02,plano2,2,5.320871900010388
avanc_02,plano2,3,6.373768200050108
avanc_02,plano2,4,6.212974000023678
avanc_02,plano2,5,6.068345099978615
avanc_02,plano2,6,4.69006349996198
avanc_02,plano2,7,4.823514099989552
avanc_02,plano2,8,5.520783799991477
avanc_02,plano2,9,6.59205799998017
avanc_02,plano2,10,4.403490999946371
avanc_02,plano2,11,4.775226600002497
avanc_02,plano2,12,4.497007999976631
avanc_02,plano2,13,4.391905900032725
avanc_02,plano2,14,4.397743700013962
avanc_02,plano2,15,4.42178169998806
avanc_02,plano2,16,4.8549438000191
avanc_02,plano2,17,4.387043600028846
avanc_02,plano2,18,4.403321399993729
avanc_02,plano2,19,4.418638900038786
avanc_02,plano2,20,4.361448699957691
avanc_03,plano2,1,0.13519420003285632
avanc_03,plano2,2,0.12597639998421073
avanc_03,plano2,3,0.1257840000325814
avanc_03,plano2,4,0.12577739998232573
avanc_03,plano2,5,0.12412550003500655
avanc_03,plano2,6,0.1267999000265263
avanc_03,plano2,7,0.12490860000252724
avanc_03,plano2,8,0.12560540001140907
avanc_03,plano2,9,0.1251547999563627
avanc_03,plano2,10,0.12288519996218383
avanc_03,plano2,11,0.12719410000136122
avanc_03,plano2,12,0.12375499994959682
avanc_03,plano2,13,0.1260568000143394
avanc_03,plano2,14,0.1263042999780737
avanc_03,plano2,15,0.1299222000525333
avanc_03,plano2,16,0.12250070000300184
avanc_03,plano2,17,0.15296249999664724
avanc_03,plano2,18,0.12485710001783445
avanc_03,plano2,19,0.12773899995954707
avanc_03,plano2,20,0.12463149998802692
avanc_04,plano2,1,0.06028249999508262
avanc_04,plano2,2,0.0572822000249289
avanc_04,plano2,3,0.06392420001793653
avanc_04,plano2,4,0.061643200053367764
avanc_04,plano2,5,0.06216100003803149
avanc_04,plano2,6,0.058798099984414876
avanc_04,plano2,7,0.06250219995854422
avanc_04,plano2,8,0.05665199999930337
avanc_04,plano2,9,0.06130739999935031
avanc_04,plano2,10,0.06300710001960397
avanc_04,plano2,11,0.05826429999433458
avanc_04,plano2,12,0.06182000000262633
avanc_04,plano2,13,0.060250500042457134
avanc_04,plano2,14,0.059244000003673136
avanc_04,plano2,15,0.059278399974573404
avanc_04,plano2,16,0.05975590000161901
avanc_04,plano2,17,0.05786260002059862
avanc_04,plano2,18,0.06010890001198277
avanc_04,plano2,19,0.13456229999428615
avanc_04,plano2,20,0.051090799970552325
avanc_05,plano2,1,1.594347900012508
avanc_05,plano2,2,1.5465417999657802
avanc_05,plano2,3,1.5698128000367433
avanc_05,plano2,4,1.529711299983319
avanc_05,plano2,5,1.5018431000062265
avanc_05,plano2,6,1.5292304999893531
avanc_05,plano2,7,1.9524867000291124
avanc_05,plano2,8,1.5379538999986835
avanc_05,plano2,9,1.543288599990774
avanc_05,plano2,10,1.5006397999823093
avanc_05,plano2,11,1.5220456999959424
avanc_05,plano2,12,1.529454600007739
avanc_05,plano2,13,1.6035036999965087
avanc_05,plano2,14,1.5183258000179194
avanc_05,plano2,15,1.5252194000058807
avanc_05,plano2,16,1.5214405999868177
avanc_05,plano2,17,1.5115598000120372
avanc_05,plano2,18,1.513375599985011
avanc_05,plano2,19,1.522871599998325
avanc_05,plano2,20,1.5239818000118248
avanc_06,plano2,1,0.14538780000293627
avanc_06,plano2,2,0.14451490005012602
avanc_06,plano2,3,0.14512719999765977
avanc_06,plano2,4,0.14762719999998808
avanc_06,plano2,5,0.1463514000060968
avanc_06,plano2,6,0.14418050000676885
avanc_06,plano2,7,0.19990849995519966
avanc_06,plano2,8,0.14095909998286515
avanc_06,plano2,9,0.1480327000026591
avanc_06,plano2,10,0.1641972999786958
avanc_06,plano2,11,0.15595039998879656
avanc_06,plano2,12,0.1467976999701932
avanc_06,plano2,13,0.14491130004171282
avanc_06,plano2,14,0.14372960000764579
avanc_06,plano2,15,0.14202069997554645
avanc_06,plano2,16,0.1389074000180699
avanc_06,plano2,17,0.14513919997261837
avanc_06,plano2,18,0.14370529999723658
avanc_06,plano2,19,0.14573920000111684
avanc_06,plano2,20,0.15580900001805276
avanc_07,plano2,1,0.5958691999549046
avanc_07,plano2,2,0.5851892000064254
avanc_07,plano2,3,0.5828869999968447
avanc_07,plano2,4,0.6123877000063658
avanc_07,plano2,5,0.5867577000171877
avanc_07,plano2,6,0.5849997000186704
avanc_07,plano2,7,0.6141497999778949
avanc_07,plano2,8,0.5837914000148885
avanc_07,plano2,9,0.5844820999773219
avanc_07,plano2,10,0.5754540999769233
avanc_07,plano2,11,0.5959387000184506
avanc_07,plano2,12,0.5851402999833226
avanc_07,plano2,13,0.5832593000377528
avanc_07,plano2,14,0.6116369000519626
avanc_07,plano2,15,0.5825932000298053
avanc_07,plano2,16,0.58291569998255
avanc_07,plano2,17,0.653462199959904
avanc_07,plano2,18,0.5826637999853119
avanc_07,plano2,19,0.5850961999967694
avanc_07,plano2,20,0.5847272999817505
avanc_08,plano2,1,0.5359028000384569
avanc_08,plano2,2,0.1650610999786295
avanc_08,plano2,3,0.13971550000132993
avanc_08,plano2,4,0.14670809998642653
avanc_08,plano2,5,0.1389251999789849
avanc_08,plano2,6,0.14818200003355742
avanc_08,plano2,7,0.1470718000200577
avanc_08,plano2,8,0.14599779999116436
avanc_08,plano2,9,0.1453147999709472
avanc_08,plano2,10,0.14879839995410293
avanc_08,plano2,11,0.14951999997720122
avanc_08,plano2,12,0.1563295000232756
avanc_08,plano2,13,0.14543929998762906
avanc_08,plano2,14,0.13627320004161447
avanc_08,plano2,15,0.1412024000310339
avanc_08,plano2,16,0.13677470001857728
avanc_08,plano2,17,0.13784830004442483
avanc_08,plano2,18,0.14422999997623265
avanc_08,plano2,19,0.17080530000384897
avanc_08,plano2,20,0.16052089998265728
avanc_09,plano2,1,0.033938399981707335
avanc_09,plano2,2,0.03225879999808967
avanc_09,plano2,3,0.03161289996933192
avanc_09,plano2,4,0.027951100026257336
avanc_09,plano2,5,0.036132900044322014
avanc_09,plano2,6,0.035027500009164214
avanc_09,plano2,7,0.0334022999741137
avanc_09,plano2,8,0.03403129999060184
avanc_09,plano2,9,0.03406330000143498
avanc_09,plano2,10,0.03042349999304861
avanc_09,plano2,11,0.03498650004621595
avanc_09,plano2,12,0.03583420003997162
avanc_09,plano2,13,0.03254380001453683
avanc_09,plano2,14,0.032899899990297854
avanc_09,plano2,15,0.03368890000274405
avanc_09,plano2,16,0.02957579999929294
avanc_09,plano2,17,0.03083210001932457
avanc_09,plano2,18,0.03735739999683574
avanc_09,plano2,19,0.033129199990071356
avanc_09,plano2,20,0.03354969999054447
avanc_10,plano2,1,0.016245999955572188
avanc_10,plano2,2,0.02078109997091815
avanc_10,plano2,3,0.01551369996741414
avanc_10,plano2,4,0.014250800013542175
avanc_10,plano2,5,0.01380109996534884
avanc_10,plano2,6,0.013030899979639798
avanc_10,plano2,7,0.01398920000065118
avanc_10,plano2,8,0.013473299972247332
avanc_10,plano2,9,0.014522399986162782
avanc_10,plano2,10,0.014365500013809651
avanc_10,plano2,11,0.014797099982388318
avanc_10,plano2,12,0.01689500000793487
avanc_10,plano2,13,0.013878999976441264
avanc_10,plano2,14,0.014264700002968311
avanc_10,plano2,15,0.015389100008178502
avanc_10,plano2,16,0.013167199969757348
avanc_10,plano2,17,0.013931699970271438
avanc_10,plano2,18,0.013204900023993105
avanc_10,plano2,19,0.013455000007525086
avanc_10,plano2,20,0.013339299999643117
avanc_11,plano2,1,0.031969500007107854
avanc_11,plano2,2,0.028469500015489757
avanc_11,plano2,3,0.029163400002289563
avanc_11,plano2,4,0.03128840000135824
avanc_11,plano2,5,0.031222799967508763
avanc_11,plano2,6,0.03289740002946928
avanc_11,plano2,7,0.03491110005415976
avanc_11,plano2,8,0.0344650000333786
avanc_11,plano2,9,0.04466739995405078
avanc_11,plano2,10,0.03959309996571392
avanc_11,plano2,11,0.03511850000359118
avanc_11,plano2,12,0.038535800005774945
avanc_11,plano2,13,0.037651099963113666
avanc_11,plano2,14,0.03611980000277981
avanc_11,plano2,15,0.03633090003859252
avanc_11,plano2,16,0.0311702000326477
avanc_11,plano2,17,0.035319500020705163
avanc_11,plano2,18,0.0340231999871321
avanc_11,plano2,19,0.03459960001055151
avanc_11,plano2,20,0.03322449995903298
avanc_12,plano2,1,0.018609900027513504
avanc_12,plano2,2,0.015502700000070035
avanc_12,plano2,3,0.023062099993694574
avanc_12,plano2,4,0.015015200013294816
avanc_12,plano2,5,0.01902690000133589
avanc_12,plano2,6,0.015690399974118918
avanc_12,plano2,7,0.01749899995047599
avanc_12,plano2,8,0.016003500029910356
avanc_12,plano2,9,0.014495300012640655
avanc_12,plano2,10,0.01965370000107214
avanc_12,plano2,11,0.01616900000954047
avanc_12,plano2,12,0.022458899999037385
avanc_12,plano2,13,0.014882499992381781
avanc_12,plano2,14,0.018119200016371906
avanc_12,plano2,15,0.015397499955724925
avanc_12,plano2,16,0.017652400012593716
avanc_12,plano2,17,0.0157242999994196
avanc_12,plano2,18,0.015489600016735494
avanc_12,plano2,19,0.02312209998490289
avanc_12,plano2,20,0.015910399961285293
avanc_13,plano2,1,0.05210390000138432
avanc_13,plano2,2,0.04821330000413582
avanc_13,plano2,3,0.03807480004616082
avanc_13,plano2,4,0.04327639995608479
avanc_13,plano2,5,0.04528199997730553
avanc_13,plano2,6,0.04146670002955943
avanc_13,plano2,7,0.040803899988532066
avanc_13,plano2,8,0.040661799954250455
avanc_13,plano2,9,0.0488793000113219
avanc_13,plano2,10,0.042995700030587614
avanc_13,plano2,11,0.050509899971075356
avanc_13,plano2,12,0.06580250000115484
avanc_13,plano2,13,0.03762109996750951
avanc_13,plano2,14,0.04515320004429668
avanc_13,plano2,15,0.04249540000455454
avanc_13,plano2,16,0.04297110001789406
avanc_13,plano2,17,0.0462913999799639
avanc_13,plano2,18,0.04355459997896105
avanc_13,plano2,19,0.04336020001210272
avanc_13,plano2,20,0.04264599998714402
avanc_14,plano2,1,0.024874199996702373
avanc_14,plano2,2,0.03168670000741258
avanc_14,plano2,3,0.03152220003539696
avanc_14,plano2,4,0.024905099999159575
avanc_14,plano2,5,0.02536359999794513
avanc_14,plano2,6,0.02987949998350814
avanc_14,plano2,7,0.025503899960312992
avanc_14,plano2,8,0.02460219996282831
avanc_14,plano2,9,0.04060060001211241
avanc_14,plano2,10,0.02676199999405071
avanc_14,plano2,11,0.026032200024928898
avanc_14,plano2,12,0.026955700013786554
avanc_14,plano2,13,0.031019499991089106
avanc_14,plano2,14,0.028505700000096112
avanc_14,plano2,15,0.02404939994448796
avanc_14,plano2,16,0.027010200021322817
avanc_14,plano2,17,0.031618300010450184
avanc_14,plano2,18,0.028653500019572675
avanc_14,plano2,19,0.024082600022666156
avanc_14,plano2,20,0.030173399951308966
avanc_15,plano2,1,0.016271600034087896
avanc_15,plano2,2,0.016840399999637157
avanc_15,plano2,3,0.016992799995932728
avanc_15,plano2,4,0.01733030000468716
avanc_15,plano2,5,0.01656879996880889
avanc_15,plano2,6,0.024029100022744387
avanc_15,plano2,7,0.01656869996804744
avanc_15,plano2,8,0.020274600014090538
avanc_15,plano2,9,0.01693909999448806
avanc_15,plano2,10,0.024641499971039593
avanc_15,plano2,11,0.016430400020908564
avanc_15,plano2,12,0.025873000035062432
avanc_15,plano2,13,0.01637769996887073
avanc_15,plano2,14,0.020159500010777265
avanc_15,plano2,15,0.01692429999820888
avanc_15,plano2,16,0.024617899965960532
avanc_15,plano2,17,0.015738800051622093
avanc_15,plano2,18,0.017838799976743758
avanc_15,plano2,19,0.017712899949401617
avanc_15,plano2,20,0.019553200050722808
avanc_16,plano2,1,0.011960200034081936
avanc_16,plano2,2,0.013000100036151707
avanc_16,plano2,3,0.015213199949357659
avanc_16,plano2,4,0.011249499977566302
avanc_16,plano2,5,0.012700599967502058
avanc_16,plano2,6,0.014046800031792372
avanc_16,plano2,7,0.01136100001167506
avanc_16,plano2,8,0.01157139998394996
avanc_16,plano2,9,0.014672800025437027
avanc_16,plano2,10,0.010749500012025237
avanc_16,plano2,11,0.011615600029472262
avanc_16,plano2,12,0.015640600002370775
avanc_16,plano2,13,0.01199810003163293
avanc_16,plano2,14,0.012790799955837429
avanc_16,plano2,15,0.015721799980383366
avanc_16,plano2,16,0.011498900013975799
avanc_16,plano2,17,0.010908600001130253
avanc_16,plano2,18,0.011516099970322102
avanc_16,plano2,19,0.011100500007160008
avanc_16,plano2,20,0.011065199971199036
avanc_17,plano2,1,0.021840599947609007
avanc_17,plano2,2,0.020396400010213256
avanc_17,plano2,3,0.02010690001770854
avanc_17,plano2,4,0.018409600015729666
avanc_17,plano2,5,0.0256210999796167
avanc_17,plano2,6,0.018435099977068603
avanc_17,plano2,7,0.02038400003220886
avanc_17,plano2,8,0.0191674999659881
avanc_17,plano2,9,0.0181940000038594
avanc_17,plano2,10,0.017246300005353987
avanc_17,plano2,11,0.018486700020730495
avanc_17,plano2,12,0.019269099982921034
avanc_17,plano2,13,0.02153090003412217
avanc_17,plano2,14,0.019533200014848262
avanc_17,plano2,15,0.01857660000678152
avanc_17,plano2,16,0.018720399995800108
avanc_17,plano2,17,0.02043279999634251
avanc_17,plano2,18,0.022279700031504035
avanc_17,plano2,19,0.019190900027751923
avanc_17,plano2,20,0.021767500031273812
avanc_18,plano2,1,0.04983360000187531
avanc_18,plano2,2,0.04150019999360666
avanc_18,plano2,3,0.04312950000166893
avanc_18,plano2,4,0.0427491000154987
avanc_18,plano2,5,0.04027990001486614
avanc_18,plano2,6,0.11129750002874061
avanc_18,plano2,7,0.07444380002561957
avanc_18,plano2,8,0.04885909997392446
avanc_18,plano2,9,0.0500573999597691
avanc_18,plano2,10,0.05134780000662431
avanc_18,plano2,11,0.0454776999540627
avanc_18,plano2,12,0.044232600019313395
avanc_18,plano2,13,0.051021199964452535
avanc_18,plano2,14,0.04922520002583042
avanc_18,plano2,15,0.04865979996975511
avanc_18,plano2,16,0.04799199994886294
avanc_18,plano2,17,0.050409299961756915
avanc_18,plano2,18,0.04576660000020638
avanc_18,plano2,19,0.05168889998458326
avanc_18,plano2,20,0.04963229998247698
avanc_19,plano2,1,0.01730960002169013
avanc_19,plano2,2,0.017219499975908548
avanc_19,plano2,3,0.025772200024221092
avanc_19,plano2,4,0.017118800024036318
avanc_19,plano2,5,0.020420400018338114
avanc_19,plano2,6,0.017032100004144013
avanc_19,plano2,7,0.02440919994842261
avanc_19,plano2,8,0.016592200030572712
avanc_19,plano2,9,0.019609399954788387
avanc_19,plano2,10,0.01675710000563413
avanc_19,plano2,11,0.024608600011561066
avanc_19,plano2,12,0.01637619995744899
avanc_19,plano2,13,0.02821720001520589
avanc_19,plano2,14,0.0171703000087291
avanc_19,plano2,15,0.019938999961595982
avanc_19,plano2,16,0.01860140002099797
avanc_19,plano2,17,0.020774199976585805
avanc_19,plano2,18,0.017627099994570017
avanc_19,plano2,19,0.018789399997331202
avanc_19,plano2,20,0.01693639997392893
avanc_20,plano2,1,0.026260800019372255
avanc_20,plano2,2,0.018662599963136017
avanc_20,plano2,3,0.020371499995235354
avanc_20,plano2,4,0.018040800001472235
avanc_20,plano2,5,0.031898199988063425
avanc_20,plano2,6,0.01931850000983104
avanc_20,plano2,7,0.03046350000659004
avanc_20,plano2,8,0.01996740000322461
avanc_20,plano2,9,0.02250989997992292
avanc_20,plano2,10,0.0225442000082694
avanc_20,plano2,11,0.021967000036966056
avanc_20,plano2,12,0.022896400012541562
avanc_20,plano2,13,0.022790400020312518
avanc_20,plano2,14,0.019482099974993616
avanc_20,plano2,15,0.026589299959596246
avanc_20,plano2,16,0.01935119996778667
avanc_20,plano2,17,0.026846299995668232
avanc_20,plano2,18,0.019430399988777936
avanc_20,plano2,19,0.02969289995962754
avanc_20,plano2,20,0.020270499982871115